<?xml version="1.0" encoding="UTF-8"?>
<beans xmlns="http://www.springframework.org/schema/beans"
      xmlns:c="http://www.springframework.org/schema/c"
        xmlns:xsi="http://www.w3.org/2001/XMLSchema-instance"
        xsi:schemaLocation="http://www.springframework.org/schema/beans
           http://www.springframework.org/schema/beans/spring-beans.xsd">
      
   <bean class="com.ssafy.setter.HamSand" id="hamSand"></bean>
<!--    <bean class="com.ssafy.setter.HamSand" id="hamSand2"></bean> -->

   <!-- lazy-init : 실제 사용될 때 까지 객체 생성 미룸 -->
<!--    <bean lazy-init="true" class="com.ssafy.setter.HamSand" id="hamSand"></bean> -->

   <!-- scope : singleton(디폴트), prototype(객체 호출시마다 생성) -->
<!--    <bean class="com.ssafy.setter.HamSand" id="hamSand" scope="prototype"></bean> -->


<!-- 메뉴 클래스 객체를 빈으로 등록 -->
<!--       <bean class="com.ssafy.setter.Menu" id="menu"> -->
<!-- //         <constructor-arg>생성자 한개를 나타냄 -->
<!-- //            <ref bean="hamSand"/> -->
<!-- //         </constructor-arg> -->
      
<!--          <constructor-arg ref="hamSand" />부모-자식 관계는 속성으로도 처리 가능 -->
<!--       </bean> -->
      
      <bean class="com.ssafy.setter.Menu" id="menu" c:sand-ref="hamSand" />
</beans>