<?xml version="1.0" encoding="UTF-8"?>
<beans xmlns="http://www.springframework.org/schema/beans"
      xmlns:p="http://www.springframework.org/schema/p"
        xmlns:xsi="http://www.w3.org/2001/XMLSchema-instance"
        xsi:schemaLocation="http://www.springframework.org/schema/beans
           http://www.springframework.org/schema/beans/spring-beans.xsd">
      
   <bean class="com.ssafy.setter.HamSand" id="hamSand"></bean>


<!-- 메뉴 클래스 객체를 빈으로 등록 -->
      <bean class="com.ssafy.setter.Menu2" id="menu" p:sand-ref="hamSand"/>
<!--       		set method name의 set을 지우고 표현-->
			<!-- 
	      <bean class="com.ssafy.setter.Menu2" id="menu">
      		<property name="sand">
      			<ref bean="hamSand"/>
      		</property>
      		
      		<property name="sand" ref="hamSand"></property>
	      </bean>
      		 -->
      		 
      
</beans>