<?xml version="1.0" encoding="UTF-8"?>
<beans xmlns="http://www.springframework.org/schema/beans"
        xmlns:xsi="http://www.w3.org/2001/XMLSchema-instance"
        xsi:schemaLocation="http://www.springframework.org/schema/beans
           http://www.springframework.org/schema/beans/spring-beans.xsd">
   <!-- 스프링 프레임워크는 Bean컨테이너!!
                      ==> 빈(자바클래스)을 관리
               ※주의: 클래스만 등록(인터페이스X, 추상클래스X)             
    -->  
          
    <bean class="com.ssafy.s0518.step4.di.MessageBeanImpl" id="msgBean">
       <!-- 생성자 주입(Contructor Injection) -->
       <constructor-arg >
          <value>나길동</value>          
       </constructor-arg>
       
       <!-- 세터 주입(Setter Injection) -->
       <property name="greeting" value="안녕">
           <!-- <value type="java.lang.String">Hello</value> -->
       </property>
       
       <property name="fo" ref="foi">
           <!-- <bean class="com.ssafy.s0518.step4.di.FileOutputImpl"></bean>  -->   
       </property>
    </bean>           
    
    <bean class="com.ssafy.s0518.step4.di.FileOutputImpl" id="foi"></bean> 
    
   
</beans>

