<?xml version="1.0" encoding="UTF-8"?>
<!-- mappers/gueset.xml -->
<!DOCTYPE mapper
    PUBLIC "-//mybatis.org//DTD Mapper 3.0//EN"
    "http://mybatis.org/dtd/mybatis-3-mapper.dtd">
<mapper namespace="guest"> <!-- mybatis는 namespace필수!! -->
   
   <!-- no,writer,email,tel,pass,contents,wdate
              글번호, 작성자, 이메일, 전화번호, 비밀번호, 내용, 작성일자 -->
   
   <!-- 글 입력 -->
   <insert id="insert" >
       insert into guest (writer,email,tel,pass,contents,wdate) values 
        (#{writer},#{email},#{tel},#{pass},#{contents},now()) 
   </insert>
   
   <!-- 전체 글 조회 -->
   <select id="selectAll" resultType="Guest"> <!-- resultType속성 필수!! -->
       select writer,tel,wdate,contents
       from guest
       order by no desc
   </select>
   
   
   
   <!-- (수정폼에 출력할) 글 조회 -->
   <select id="select" resultType="Guest">
       select writer, email, tel, pass, contents
       from guest
       where no=#{no}
   </select>
   
   <!-- (수정폼에 입력된)글 수정 -->
   <update id="update">
       update guest
       set email=#{email}, tel=#{tel}, pass=#{pass}, contents=#{contents}
       where no=#{no}
   </update>
   
   <!-- (글번호로 구분하는 )특정글 삭제 -->
   <delete id="delete">
       delete from guest
       where no=#{no}
   </delete>
   
</mapper>    
    
    
    
    
    
    