<?xml version="1.0" encoding="UTF-8" ?>
<!DOCTYPE mapper
        PUBLIC "-//mybatis.org//DTD Mapper 3.0//EN"
        "http://mybatis.org/dtd/mybatis-3-mapper.dtd">
<mapper namespace="com.ssafy.happyhouse.dao.QnADAO">

	<!-- QnA 전체 조회 -->
	<select id="selectQnA" resultType="qna">
		select 
			qna_no as qnaNo, 
			qna_title as qnaTitle, 
			qna_content as qnaContent, 
			qna_userid as qnaUserid, 
			qna_datetime as qnaDatetime, 
			reply_content as replyContent, 
			reply_datetime as replyDatetime, 
			reply_userid as replyUserid 
		  from qna_board 
		  order by qna_no desc
	</select>
	
	<select id="selectQnAByNo" parameterType="int" resultType="qna">
		select 
			qna_no as qnaNo, 
			qna_title as qnaTitle, 
			qna_content as qnaContent, 
			qna_userid as qnaUserid, 
			qna_datetime as qnaDatetime, 
			reply_content as replyContent, 
			reply_datetime as replyDatetime, 
			reply_userid as replyUserid 
		  from qna_board 
		  where qna_no = #{qnaNo}
	</select>
	
	<insert id="insertQnA" parameterType="qna">
		insert into qna_board(
			qna_title, qna_content, qna_userid
		) values (
			#{qnaTitle}, #{qnaContent}, #{qnaUserid}
		)
	</insert>
	
	<update id="updateQnA" parameterType="qna">
		update qna_board 
		   set qna_title = #{qnaTitle}, 
		   	   qna_content = #{qnaContent}, 
		   	   qna_userid = #{qnaUserid}
		 where qna_no = #{qnaNo}
	</update>
	
	<delete id="deleteQnA" parameterType="int">
		delete 
		  from qna_board 
		 where qna_no = #{qnaNo}
	</delete>
	
</mapper>

