<?xml version="1.0" encoding="UTF-8"?>
<beans xmlns="http://www.springframework.org/schema/beans"
	xmlns:xsi="http://www.w3.org/2001/XMLSchema-instance"
	xsi:schemaLocation="http://www.springframework.org/schema/beans http://www.springframework.org/schema/beans/spring-beans.xsd">

   <bean id="bookRepository" class="com.ssafy.model.repository.BookRepositoryImpl"></bean>
   <bean id="userRepository" class="com.ssafy.model.repository.UserRepositoryJDBCImpl"></bean>
   <bean id="bookService" class="com.ssafy.model.service.BookServiceImpl">
      <constructor-arg ref="bookRepository"></constructor-arg>
   </bean>
   <bean id="userService" class="com.ssafy.model.service.UserServiceImpl">
      <constructor-arg ref="userRepository"></constructor-arg>
   </bean>

</beans>
