<?xml version="1.0" encoding="UTF-8"?>
<!-- mappers/gueset.xml -->
<!DOCTYPE mapper
    PUBLIC "-//mybatis.org//DTD Mapper 3.0//EN"
    "http://mybatis.org/dtd/mybatis-3-mapper.dtd">
<mapper namespace="com.ssafy.product.repository.ProductRepo"> <!-- mybatis는 namespace필수!! -->
  <delete id="deleteProduct" parameterType="string">
  	delete from product 
  	  where id = #{id} 
  </delete>
  
  <update id="updateProduct" parameterType="product">
	update product 
		set name=#{name},
			price=#{price},
			description=#{description} 
	  where id = #{id} 
  </update>
  
  <insert id="insertProduct" parameterType="product">
  	insert into product(
  			id, 
  			name, 
  			price, 
  			description
 		)values (
 			#{id}, 
 			#{name}, 
 			#{price}, 
 			#{description}
 		)
  </insert>
  
  <select id="selectProductById" parameterType="string" resultType="product">
  	select *
  		from product
 	  where id = #{id}
  </select>
  <select id="selectProduct" resultType="product">
  	select *
		from product 
  </select>
   
</mapper>    
    
    
    
    
    
    